{
	"minecraftVersion": "1.16.5",
	"serverUrl": "https://launcher.mojang.com/v1/objects/1b557e7b033b583cd9f66746b7a9ab1ec1673ced/server.jar",
	"minecraftHash": "c10b74188efc4ed6960db49c9ade50ce",
	"accessTransforms": "bukkit-1.16.5.at",
	"classMappings": "bukkit-1.16.5-cl.csrg",
	"memberMappings": "bukkit-1.16.5-members.csrg",
	"packageMappings": "package.srg",
	"classMapCommand": "java -jar BuildData/bin/SpecialSource-2.jar map --only . --only com/mojang/math --only net/minecraft --auto-lvt BASIC --auto-member SYNTHETIC -e BuildData/mappings/bukkit-1.16.5.exclude -i {0} -m {1} -o {2}",
	"memberMapCommand": "java -jar BuildData/bin/SpecialSource-2.jar map --only . --only com/mojang/math --only net/minecraft --auto-member LOGGER --auto-member TOKENS -i {0} -m {1} -o {2}",
	"finalMapCommand": "java -jar BuildData/bin/SpecialSource.jar --only . --only com/mojang/math --only net/minecraft -i {0} --access-transformer {1} -m {2} -o {3}",
	"decompileCommand": "java -jar BuildData/bin/fernflower.jar -dgs=1 -hdc=0 -asc=1 -udv=0 -rsy=1 -aoa=1 {0} {1}",
	"toolsVersion": 125
}
